date;ticker;close;pe;pb;sector;industry;group;shares;eps_ttm;bvps
2026-08-17;TN1;14500;5.435251164830551;0.8480028071817065;Bất động sản;Bất động sản;Bất động sản;1000000000.0;2667.77;17099.0
2026-08-17;HU1;5170;8.307222623925444;0.3453573814295257;Bất động sản;Bất động sản;Bất động sản;0.0;622.35;14970.0
2026-08-17;BCE;5680;2.4084329073346957;0.5128205128205128;Bất động sản;Bất động sản;Bất động sản;0.0;2358.38;11076.0
2026-08-17;PHR;61300;12.23728759422512;1.9637365453613531;SX Nhựa - Hóa chất;SX Nhựa - Hóa chất;SX Nhựa - Hóa chất;0.0;5009.28;31216.0
2026-08-17;VPS;8350;9.735225192664187;0.6094445660900664;SX Nhựa - Hóa chất;SX Nhựa - Hóa chất;SX Nhựa - Hóa chất;0.0;857.71;13701.0
2026-08-17;C32;0;;;Khai khoáng;Khai khoáng;Khai khoáng;0.0;904.54;36676.0
2026-08-17;SJD;13950;5.776852009060755;0.9122416950039236;Tiện ích;Tiện ích;Tiện ích;0.0;2414.81;15292.0
2026-08-17;VIX;13350;4.650660498299984;1.013711299577886;Chứng khoán;Chứng khoán;Chứng khoán;500000000.0;2870.56;13169.43
2026-08-17;VSI;18750;7.8492278452927655;1.210302091402014;Xây dựng;Xây dựng;Xây dựng;0.0;2388.77;15492.0
2026-08-17;ACB;21850;5.857202214210083;1.2277563973974936;Ngân hàng;Ngân hàng;Ngân hàng;1500000000.0;3730.45;17796.69
2026-08-17;HAS;8880;;0.5418598974859653;Xây dựng;Xây dựng;Xây dựng;0.0;;16388.0
2026-08-17;ELC;14800;10.085934891201385;1.0537557849768602;Công nghệ và thông tin;Công nghệ và thông tin;Công nghệ và thông tin;2588000000.0;1467.39;14045.0
2026-08-17;TVB;7160;13.965554233552437;0.6796522003265368;Chứng khoán;Chứng khoán;Chứng khoán;0.0;512.69;10534.8
2026-08-17;MIG;16750;8.21827744904668;1.2925120724485812;Bảo hiểm;Bảo hiểm;Bảo hiểm;2249000000.0;2038.14;12959.26
2026-08-17;VCB;58200;11.620895248211939;2.1827592026553155;Ngân hàng;Ngân hàng;Ngân hàng;4950000000.0;5008.22;26663.5
2026-08-17;DXG;11500;25.385192706723767;0.6182463308424279;Bất động sản;Bất động sản;Bất động sản;4127000000.0000005;453.02;18601.0
2026-08-17;LM8;14900;8.180430653006994;0.4634237372480717;Xây dựng;Xây dựng;Xây dựng;0.0;1821.42;32152.0
2026-08-17;VPI;60700;52.065016940429736;3.6303827751196174;Bất động sản;Bất động sản;Bất động sản;1021000000.0000001;1165.85;16720.0
2026-08-17;EVE;8560;9.462850573187852;0.37603233175188894;SX Hàng gia dụng;SX Hàng gia dụng;SX Hàng gia dụng;0.0;904.59;22764.0
2026-08-17;TLH;3960;;0.34914477164521246;Bán buôn;Bán buôn;Bán buôn;0.0;;11342.0
2026-08-17;CKG;5900;6.272258544623399;0.47469627484109744;Bất động sản;Bất động sản;Bất động sản;6986000000.0;940.65;12429.0
2026-08-17;HNA;21100;10.539407895065459;1.4736695069143735;Tiện ích;Tiện ích;Tiện ích;0.0;2002.01;14318.0
2026-08-17;GSP;9820;8.296161124628277;0.7602973056673893;Vận tải - kho bãi;Vận tải - kho bãi;Vận tải - kho bãi;1000000000.0;1183.68;12916.0
2026-08-17;BVB;12050;13.3552040963348;1.0460668753591786;Ngân hàng;Ngân hàng;Ngân hàng;1612000000.0;902.27;11519.34
2026-08-17;SJS;47300;21.52161944498792;4.320423821702594;Bất động sản;Bất động sản;Bất động sản;15900000000.0;2197.79;10948.0
2026-08-17;NTL;13450;;0.9455849268841395;Bất động sản;Bất động sản;Bất động sản;0.0;;14224.0
2026-08-17;TMS;35500;18.665054286390284;1.1217492969317786;Vận tải - kho bãi;Vận tải - kho bãi;Vận tải - kho bãi;0.0;1901.95;31647.0
2026-08-17;PVT;20300;7.81872874403485;0.8575170024922908;Vận tải - kho bãi;Vận tải - kho bãi;Vận tải - kho bãi;3200000000.0;2596.33;23673.0
2026-08-17;TCB;31800;10.215882806476484;1.255875066496215;Ngân hàng;Ngân hàng;Ngân hàng;28000000.000000004;3112.8;25320.99
2026-08-17;VPB;24750;9.509099920469346;1.2307768812859754;Ngân hàng;Ngân hàng;Ngân hàng;0.0;2602.77;20109.25
2026-08-17;CLC;52600;8.792737132263829;1.5139740379356992;Unknown;Unknown;Unknown;0.0;5982.21;34743.0
2026-08-17;MSH;30000;4.017973735845014;1.3612232859930125;SX Hàng gia dụng;SX Hàng gia dụng;SX Hàng gia dụng;5000000000.0;7466.45;22039.0
2026-08-17;DXS;6010;9.357581041945629;0.4019260349093827;Bất động sản;Bất động sản;Bất động sản;0.0;642.26;14953.0
2026-08-17;JVC;3000;4.956793285197363;0.5825242718446602;Bán buôn;Bán buôn;Bán buôn;0.0;605.23;5150.0
2026-08-17;OPC;0;;;Chăm sóc sức khỏe;Chăm sóc sức khỏe;Chăm sóc sức khỏe;0.0;1698.21;14751.0
2026-08-17;VDP;36450;11.886476809141335;1.072942423172024;Chăm sóc sức khỏe;Chăm sóc sức khỏe;Chăm sóc sức khỏe;0.0;3066.51;33972.0
2026-08-17;CIG;7000;2.847021405533796;1.1526428453811954;Bất động sản;Bất động sản;Bất động sản;6183000000.0;2458.71;6073.0
2026-08-17;TSA;15350;18.945705434393552;1.4472939845370545;Xây dựng;Xây dựng;Xây dựng;1550000000.0;810.21;10606.0
2026-08-17;DBD;49150;15.75633619501311;2.719827347684135;Chăm sóc sức khỏe;Chăm sóc sức khỏe;Chăm sóc sức khỏe;100000000.0;3119.38;18071.0
2026-08-17;POW;13350;15.51351476979571;0.8570878274268104;Tiện ích;Tiện ích;Tiện ích;0.0;860.54;15576.0
2026-08-17;DLG;2260;2.599583606519664;0.7466138090518666;SX Phụ trợ;SX Phụ trợ;SX Phụ trợ;0.0;869.37;3027.0
2026-08-17;GHC;23800;5.892255892255893;0.9807557588494663;Tiện ích;Tiện ích;Tiện ích;0.0;4039.2;24267.0
2026-08-17;HTV;0;;;Vận tải - kho bãi;Vận tải - kho bãi;Vận tải - kho bãi;0.0;1222.49;25635.0
2026-08-17;TNT;9060;123.6353711790393;0.7285300739787713;Khai khoáng;Khai khoáng;Khai khoáng;0.0;73.28;12436.0
2026-08-17;CLL;27600;8.973275245464594;1.5346121768140117;Vận tải - kho bãi;Vận tải - kho bãi;Vận tải - kho bãi;0.0;3075.8;17985.0
2026-08-17;TDG;2280;9.850514127711051;0.2158273381294964;Bán buôn;Bán buôn;Bán buôn;2500000000.0;231.46;10564.0
2026-08-17;SSB;15200;6.4460861231032816;1.073905164282762;Ngân hàng;Ngân hàng;Ngân hàng;35000000.0;2358.02;14153.95
2026-08-17;HAG;14100;10.355996562690503;1.122343389317838;Nông - Lâm - Ngư;Nông - Lâm - Ngư;Nông - Lâm - Ngư;1986000000.0;1361.53;12563.0
2026-08-17;PJT;8800;14.041582231015939;0.6699147381242387;Vận tải - kho bãi;Vận tải - kho bãi;Vận tải - kho bãi;0.0;626.71;13136.0
2026-08-17;HVN;22950;6.489118356429317;7.979833101529903;Vận tải - kho bãi;Vận tải - kho bãi;Vận tải - kho bãi;4051000000.0;3536.69;2876.0
2026-08-17;DTT;0;;;SX Nhựa - Hóa chất;SX Nhựa - Hóa chất;SX Nhựa - Hóa chất;0.0;1715.6;16691.0
2026-08-17;IDI;4850;12.828651536793101;0.37014424177669236;Chế biến Thủy sản;Chế biến Thủy sản;Chế biến Thủy sản;0.0;378.06;13103.0
2026-08-17;GIL;8310;;0.3460769615192404;SX Hàng gia dụng;SX Hàng gia dụng;SX Hàng gia dụng;4525000000.0;;24012.0
2026-08-17;VPX;24850;12.778057735224246;1.8386610108418107;Chứng khoán;Chứng khoán;Chứng khoán;0.0;1944.74;13515.27
2026-08-17;PIT;8010;;1.0153378121434908;Bán buôn;Bán buôn;Bán buôn;0.0;6.48;7889.0
2026-08-17;VDS;11750;12.06923116429562;1.013233257506118;Chứng khoán;Chứng khoán;Chứng khoán;1193000000.0;973.55;11596.54
2026-08-17;CCC;0;;;Xây dựng;Xây dựng;Xây dựng;200000000.0;1037.42;15416.0
2026-08-17;HID;3380;4.73820705123712;0.24551463644948066;Tiện ích;Tiện ích;Tiện ích;0.0;713.35;13767.0
2026-08-17;ANV;17000;5.618701683296922;1.2780993910232314;Chế biến Thủy sản;Chế biến Thủy sản;Chế biến Thủy sản;9969000000.0;3025.61;13301.0
2026-08-17;SHA;3930;8.943607482590687;0.29986265832443154;SX Hàng gia dụng;SX Hàng gia dụng;SX Hàng gia dụng;0.0;439.42;13106.0
2026-08-17;MSN;66900;29.549078413271907;2.3670523299012842;Thực phẩm - Đồ uống;Thực phẩm - Đồ uống;Thực phẩm - Đồ uống;50000000.0;2264.03;28263.0
2026-08-17;LDG;2800;;0.5834548864346739;Bất động sản;Bất động sản;Bất động sản;0.0;;4799.0
2026-08-17;CRC;5400;5.262747544051146;0.42840142800476;Vật liệu xây dựng;Vật liệu xây dựng;Vật liệu xây dựng;1400000000.0;1026.08;12605.0
2026-08-17;HAX;9000;;0.7118563632049355;Bán lẻ;Bán lẻ;Bán lẻ;0.0;58.24;12643.0
2026-08-17;VID;0;;;Bán buôn;Bán buôn;Bán buôn;0.0;333.45;16198.0
2026-08-17;VNS;7150;8.441857444773722;0.4353385289819776;Vận tải - kho bãi;Vận tải - kho bãi;Vận tải - kho bãi;0.0;846.97;16424.0
2026-08-17;HTG;34100;3.447568150131988;1.0681284259984338;SX Hàng gia dụng;SX Hàng gia dụng;SX Hàng gia dụng;0.0;9891.03;31925.0
2026-08-17;CSV;21150;10.396338915733127;1.4597280695700185;SX Nhựa - Hóa chất;SX Nhựa - Hóa chất;SX Nhựa - Hóa chất;0.0;2034.37;14489.0
2026-08-17;FRT;147000;33.59754257974274;6.872048992566968;Bán lẻ;Bán lẻ;Bán lẻ;2500000000.0;4375.32;21391.0
2026-08-17;KLB;12300;2.947004238415039;0.5756166000339754;Ngân hàng;Ngân hàng;Ngân hàng;5938000000.0;4173.73;21368.39
2026-08-17;ILB;20000;5.272176090681429;0.9174311926605505;Vận tải - kho bãi;Vận tải - kho bãi;Vận tải - kho bãi;5590000000.0;3793.5;21800.0
2026-08-17;NHA;8440;4.424825156494112;0.6916898869037863;Bất động sản;Bất động sản;Bất động sản;1000000000.0;1907.42;12202.0
2026-08-17;VCG;15800;2.379672177565716;0.8385521706825178;Xây dựng;Xây dựng;Xây dựng;800000000.0;6639.57;18842.0
2026-08-17;SFI;26150;6.77916011002201;0.8275316455696202;Vận tải - kho bãi;Vận tải - kho bãi;Vận tải - kho bãi;463999999.99999994;3857.41;31600.0
2026-08-17;CLW;52600;15.140350473207913;2.731616119651018;Tiện ích;Tiện ích;Tiện ích;0.0;3474.16;19256.0
2026-08-17;GEX;24550;10.265738359572644;0.8030223734135811;Thiết bị điện;Thiết bị điện;Thiết bị điện;500000000.0;2391.45;30572.0
2026-08-17;PET;39000;16.890136160482278;1.615508885298869;Bán buôn;Bán buôn;Bán buôn;0.0;2309.04;24141.0
2026-08-17;DGC;41200;4.945313475259028;0.9772527811380726;SX Nhựa - Hóa chất;SX Nhựa - Hóa chất;SX Nhựa - Hóa chất;0.0;8331.12;42159.0
2026-08-17;NTC;128700;7.471828246645805;2.4562006183442118;Bất động sản;Bất động sản;Bất động sản;0.0;17224.7;52398.0
2026-08-17;NCT;82900;6.3538244811554305;2.7242852448241868;Vận tải - kho bãi;Vận tải - kho bãi;Vận tải - kho bãi;0.0;13047.26;30430.0
2026-08-17;HII;8550;8.316473426192514;0.6692235441452724;SX Nhựa - Hóa chất;SX Nhựa - Hóa chất;SX Nhựa - Hóa chất;0.0;1028.08;12776.0
2026-08-17;DHC;34500;9.544281315616933;1.533537805040672;SX Phụ trợ;SX Phụ trợ;SX Phụ trợ;2000000000.0;3614.73;22497.0
2026-08-17;DHM;6500;34.4955686461816;0.6291743296873488;Khai khoáng;Khai khoáng;Khai khoáng;1000000000.0;188.43;10331.0
2026-08-17;PNC;0;;;Bán lẻ;Bán lẻ;Bán lẻ;0.0;788.42;17726.0
2026-08-17;CTG;31500;5.075291547303329;0.995725020578317;Ngân hàng;Ngân hàng;Ngân hàng;0.0;6206.54;31635.24
2026-08-17;TPB;14450;5.835460213872646;0.9545678549109708;Ngân hàng;Ngân hàng;Ngân hàng;2000000000.0;2476.24;15137.74
2026-08-17;CMV;8510;9.707298154358588;0.5961888748773995;Bán lẻ;Bán lẻ;Bán lẻ;0.0;876.66;14274.0
2026-08-17;VPG;1830;;0.11365047820146566;Bán buôn;Bán buôn;Bán buôn;0.0;;16102.0
2026-08-17;VBB;12900;9.436515658032377;1.1323388063042303;Ngân hàng;Ngân hàng;Ngân hàng;4375000000.0;1367.03;11392.35
2026-08-17;HPG;21200;9.827736468319458;1.276109071209294;Vật liệu xây dựng;Vật liệu xây dựng;Vật liệu xây dựng;2000000000.0;2157.16;16613.0
2026-08-17;FCN;11300;64.19725031246449;0.5251661476971696;Xây dựng;Xây dựng;Xây dựng;0.0;176.02;21517.0
2026-08-17;ACL;0;;;Chế biến Thủy sản;Chế biến Thủy sản;Chế biến Thủy sản;0.0;492.2;16605.0
2026-08-17;TAL;23650;9.724426608333813;1.2002639058059277;Bất động sản;Bất động sản;Bất động sản;2121000000.0;2432.02;19704.0
2026-08-17;ST8;2130;8.003607259609964;0.1832258064516129;Bán buôn;Bán buôn;Bán buôn;0.0;266.13;11625.0
2026-08-17;PVD;18150;11.37659993230453;0.587835211815002;Khai khoáng;Khai khoáng;Khai khoáng;0.0;1595.38;30876.0
2026-08-17;L10;0;;;Xây dựng;Xây dựng;Xây dựng;0.0;3410.69;29590.0
2026-08-17;SVC;16000;2.269390881303765;0.3539509777895761;Bán lẻ;Bán lẻ;Bán lẻ;0.0;7050.35;45204.0
2026-08-17;TCX;39200;18.889472492205684;2.132930543184498;Chứng khoán;Chứng khoán;Chứng khoán;96060000000.0;2075.23;18378.47
2026-08-17;DRH;1800;;0.18090452261306533;Bất động sản;Bất động sản;Bất động sản;0.0;;9950.0
2026-08-17;SCS;45450;6.329589892710318;2.8468524898214844;Vận tải - kho bãi;Vận tải - kho bãi;Vận tải - kho bãi;0.0;7180.56;15965.0
2026-08-17;DCL;37800;79.3750787451178;1.8194070080862534;Chăm sóc sức khỏe;Chăm sóc sức khỏe;Chăm sóc sức khỏe;0.0;476.22;20776.0
2026-08-17;SFC;0;;;Bán lẻ;Bán lẻ;Bán lẻ;0.0;1876.88;15796.0
2026-08-17;HTI;18500;3.2858221215754186;0.7942641250214666;Xây dựng;Xây dựng;Xây dựng;0.0;5630.25;23292.0
2026-08-17;SMC;10100;;1.1420171867933062;Bán buôn;Bán buôn;Bán buôn;0.0;;8844.0
2026-08-17;HAP;7260;;0.5613546740895384;SX Phụ trợ;SX Phụ trợ;SX Phụ trợ;0.0;;12933.0
2026-08-17;VCA;0;;;Vật liệu xây dựng;Vật liệu xây dựng;Vật liệu xây dựng;0.0;63.88;12555.0
2026-08-17;PLX;35500;17.528353964123657;1.5607825895801275;Bán buôn;Bán buôn;Bán buôn;0.0;2025.29;22745.0
2026-08-17;MBB;19900;4.912694748847739;1.2043999939477388;Ngân hàng;Ngân hàng;Ngân hàng;5235000000.0;4050.73;16522.75
2026-08-17;VAB;10050;5.088453009022511;0.8466209294802675;Ngân hàng;Ngân hàng;Ngân hàng;5119000000.0;1975.06;11870.72
2026-08-17;NKG;10800;18.270092872972103;0.633245382585752;Vật liệu xây dựng;Vật liệu xây dựng;Vật liệu xây dựng;7000000000.0;591.13;17055.0
2026-08-17;DVP;76900;11.194507849257;2.294837361981498;Vận tải - kho bãi;Vận tải - kho bãi;Vận tải - kho bãi;0.0;6869.44;33510.0
2026-08-17;BVH;68500;19.145629765445072;1.989571161732385;Bảo hiểm;Bảo hiểm;Bảo hiểm;0.0;3577.84;34429.53
2026-08-17;VPL;75000;315.51049598249966;3.744009584664537;Dịch vụ lưu trú, ăn uống, giải trí;Dịch vụ lưu trú, ăn uống, giải trí;Vingroup Ecosystem;0.0;237.71;20032.0
2026-08-17;CSM;14000;18.01801801801802;1.0488462691039857;Sản phẩm cao su;Sản phẩm cao su;Sản phẩm cao su;0.0;777.0;13348.0
2026-08-17;RAL;80300;4.353797264861061;0.574885452462772;Thiết bị điện;Thiết bị điện;Thiết bị điện;0.0;18443.67;139680.0
2026-08-17;TDH;3400;;2.1739130434782608;Bất động sản;Bất động sản;Bất động sản;0.0;;1564.0
2026-08-17;TDP;30700;28.252227048516524;2.4712227320293003;SX Nhựa - Hóa chất;SX Nhựa - Hóa chất;SX Nhựa - Hóa chất;0.0;1086.64;12423.0
2026-08-17;PAN;20000;6.579207073963445;0.4826953709513926;Thực phẩm - Đồ uống;Thực phẩm - Đồ uống;Thực phẩm - Đồ uống;0.0;3039.88;41434.0
2026-08-17;PGI;0;;;Bảo hiểm;Bảo hiểm;Bảo hiểm;0.0;2111.3;17171.64
2026-08-17;LHG;28550;4.913687761389257;0.7975974298086325;Bất động sản;Bất động sản;Bất động sản;0.0;5810.3;35795.0
2026-08-17;DMC;58900;11.144812553335212;1.2812146523971113;Chăm sóc sức khỏe;Chăm sóc sức khỏe;Chăm sóc sức khỏe;0.0;5284.97;45972.0
2026-08-17;HSG;10650;14.409806786816041;0.5875537901357166;Vật liệu xây dựng;Vật liệu xây dựng;Vật liệu xây dựng;81000000.0;739.08;18126.0
2026-08-17;PNJ;36200;5.21051487659572;1.0200343768491644;Bán lẻ;Bán lẻ;Bán lẻ;0.0;6947.49;35489.0
2026-08-17;NLG;23750;10.752542127328207;0.6365585633878317;Bất động sản;Bất động sản;Bất động sản;8000000.0;2208.78;37310.0
2026-08-17;NSC;67100;5.504642850404153;0.7552139022386296;Nông - Lâm - Ngư;Nông - Lâm - Ngư;Nông - Lâm - Ngư;0.0;12189.71;88849.0
2026-08-17;EVG;4370;22.448245749216625;0.3301352270151847;Bất động sản;Bất động sản;Bất động sản;0.0;194.67;13237.0
2026-08-17;MDG;0;;;Khai khoáng;Khai khoáng;Khai khoáng;0.0;3001.79;14232.0
2026-08-17;ORS;13850;50.73260073260073;1.180760341457135;Chứng khoán;Chứng khoán;Chứng khoán;0.0;273.0;11729.73
2026-08-17;BSI;27750;12.933686310333899;1.2532562080215623;Chứng khoán;Chứng khoán;Chứng khoán;1000000000.0;2145.56;22142.32
2026-08-17;PTL;1800;;0.36283007458173755;Bất động sản;Bất động sản;Bất động sản;0.0;;4961.0
2026-08-17;PHC;4010;18.13741010448234;0.3029387323411649;Xây dựng;Xây dựng;Xây dựng;0.0;221.09;13237.0
2026-08-17;LAF;0;;;Thực phẩm - Đồ uống;Thực phẩm - Đồ uống;Thực phẩm - Đồ uống;0.0;2640.34;15860.0
2026-08-17;AFX;10200;11.96046012593661;0.7223796033994334;Thực phẩm - Đồ uống;Thực phẩm - Đồ uống;Thực phẩm - Đồ uống;0.0;852.81;14120.0
2026-08-17;GEG;12400;8.063309988750383;0.79701761151819;Tiện ích;Tiện ích;Tiện ích;0.0;1537.83;15558.0
2026-08-17;HDG;16250;9.827341175047625;0.7451735681203283;Bất động sản;Bất động sản;Bất động sản;1000000000.0;1653.55;21807.0
2026-08-17;VNL;18900;4.633783962694362;0.8114025672948955;Vận tải - kho bãi;Vận tải - kho bãi;Vận tải - kho bãi;0.0;4078.74;23293.0
2026-08-17;HPA;29150;8.32995182058741;1.7538054268696228;Nông - Lâm - Ngư;Nông - Lâm - Ngư;Nông - Lâm - Ngư;0.0;3499.42;16621.0
2026-08-17;VNM;62200;14.953181157068505;3.4251101321585904;Thực phẩm - Đồ uống;Thực phẩm - Đồ uống;Thực phẩm - Đồ uống;0.0;4159.65;18160.0
2026-08-17;DSN;37000;6.304321527213371;1.2927118999371112;Dịch vụ lưu trú, ăn uống, giải trí;Dịch vụ lưu trú, ăn uống, giải trí;Dịch vụ lưu trú, ăn uống, giải trí;0.0;5868.99;28622.0
2026-08-17;VCF;295900;15.102216846193695;3.4856052395985486;Thực phẩm - Đồ uống;Thực phẩm - Đồ uống;Thực phẩm - Đồ uống;0.0;19593.15;84892.0
2026-08-17;ADG;7990;11.477741226495052;0.44709305578870795;Unknown;Unknown;Unknown;0.0;696.13;17871.0
2026-08-17;GMD;78800;22.58837558620848;2.333708464135521;Vận tải - kho bãi;Vận tải - kho bãi;Vận tải - kho bãi;3533000000.0;3488.52;33766.0
2026-08-17;TRC;82000;6.9820748001593955;1.198970639840917;SX Nhựa - Hóa chất;SX Nhựa - Hóa chất;SX Nhựa - Hóa chất;0.0;11744.36;68392.0
2026-08-17;BMI;13450;5.923961875231233;0.6092895593137724;Bảo hiểm;Bảo hiểm;Bảo hiểm;1000000000.0;2270.44;22074.89
2026-08-17;TVT;0;;;SX Hàng gia dụng;SX Hàng gia dụng;SX Hàng gia dụng;0.0;2242.84;27620.0
2026-08-17;CNG;22000;9.394081728511038;1.1993676061712915;Tiện ích;Tiện ích;Tiện ích;0.0;2341.9;18343.0
2026-08-17;CRV;27300;;2.422145328719723;Bất động sản;Bất động sản;Bất động sản;223000000.0;113.42;11271.0
2026-08-17;HTN;7990;14.05477668912382;0.4490277621670226;Xây dựng;Xây dựng;Xây dựng;0.0;568.49;17794.0
2026-08-17;MCH;136900;17.394972611494914;8.673889628080847;Thực phẩm - Đồ uống;Thực phẩm - Đồ uống;Thực phẩm - Đồ uống;4515000000.0;7870.09;15783.0
2026-08-17;DC4;6800;3.079082614503385;0.545046489259378;Xây dựng;Xây dựng;Xây dựng;6500000000.0;2208.45;12476.0
2026-08-17;ASM;5860;73.87796268280384;0.26532645114552206;Chế biến Thủy sản;Chế biến Thủy sản;Chế biến Thủy sản;0.0;79.32;22086.0
2026-08-17;HAR;2730;14.442916093535075;0.23913805185704276;Bất động sản;Bất động sản;Bất động sản;0.0;189.02;11416.0
2026-08-17;HHP;15200;29.04088651127245;1.1720255995065156;SX Phụ trợ;SX Phụ trợ;SX Phụ trợ;0.0;523.4;12969.0
2026-08-17;NO1;4750;6.522127174614508;0.3449527959331881;Bán buôn;Bán buôn;Bán buôn;0.0;728.29;13770.0
2026-08-17;PAC;15600;6.769716800180525;1.0952748718668819;Thiết bị điện;Thiết bị điện;Thiết bị điện;5000000000.0;2304.38;14243.0
2026-08-17;NAB;11650;4.0799745045370015;0.8976273359499363;Ngân hàng;Ngân hàng;Ngân hàng;2973000000.0;2855.41;12978.66
2026-08-17;SFG;10300;15.200708382526564;0.758300817197968;SX Nhựa - Hóa chất;SX Nhựa - Hóa chất;SX Nhựa - Hóa chất;0.0;677.6;13583.0
2026-08-17;SBG;12850;18.574732581671004;1.0717264386989158;SX Thiết bị, máy móc;SX Thiết bị, máy móc;SX Thiết bị, máy móc;10000000000.0;691.8;11990.0
2026-08-17;TNH;8300;;0.6744129357276347;Chăm sóc sức khỏe;Chăm sóc sức khỏe;Chăm sóc sức khỏe;3087000000.0;;12307.0
2026-08-17;PDN;89500;8.727552150780896;3.6007402639201804;Vận tải - kho bãi;Vận tải - kho bãi;Vận tải - kho bãi;5000000000.0;10254.88;24856.0
2026-08-17;AGR;12900;18.121795322048182;1.1596245692983551;Chứng khoán;Chứng khoán;Chứng khoán;600000000.0;711.85;11124.29
2026-08-17;DHG;93500;13.273764652603575;3.057953950811094;Chăm sóc sức khỏe;Chăm sóc sức khỏe;Chăm sóc sức khỏe;0.0;7043.97;30576.0
2026-08-17;FCM;3060;7.42826625236685;0.25844594594594594;Vật liệu xây dựng;Vật liệu xây dựng;Vật liệu xây dựng;250000000.0;411.94;11840.0
2026-08-17;DHA;50100;7.49378509439776;1.57043445552003;Khai khoáng;Khai khoáng;Khai khoáng;0.0;6685.54;31902.0
2026-08-17;ABS;3100;;0.3979460847240051;SX Nhựa - Hóa chất;SX Nhựa - Hóa chất;SX Nhựa - Hóa chất;0.0;;7790.0
2026-08-17;OCB;10950;6.970615196577714;0.8931805056625197;Ngân hàng;Ngân hàng;Ngân hàng;2960000000.0;1570.88;12259.56
2026-08-17;SHI;14000;39.51119013349138;1.1061946902654867;SX Phụ trợ;SX Phụ trợ;SX Phụ trợ;499000000.0;354.33;12656.0
2026-08-17;DQC;9400;;0.33105585687116995;Thiết bị điện;Thiết bị điện;Thiết bị điện;0.0;;28394.0
2026-08-17;PDV;8240;10.835119462451841;0.5445413692836373;Vận tải - kho bãi;Vận tải - kho bãi;Vận tải - kho bãi;0.0;760.49;15132.0
2026-08-17;TDM;58800;25.188593165666408;2.5375453133091663;Tiện ích;Tiện ích;Tiện ích;100000000.0;2334.39;23172.0
2026-08-17;LIX;25000;8.000153602949176;1.6543144520910535;SX Nhựa - Hóa chất;SX Nhựa - Hóa chất;SX Nhựa - Hóa chất;0.0;3124.94;15112.0
2026-08-17;TNI;6090;;0.6410526315789473;Bán buôn;Bán buôn;Bán buôn;0.0;;9500.0
2026-08-17;DTA;3540;38.37814397224631;0.31096275474349966;Bất động sản;Bất động sản;Bất động sản;0.0;92.24;11384.0
2026-08-17;KHG;4770;31.942677291903834;0.40647635279079675;Bất động sản;Bất động sản;Bất động sản;0.0;149.33;11735.0
2026-08-17;TCR;2100;;;Vật liệu xây dựng;Vật liệu xây dựng;Vật liệu xây dựng;0.0;;30878.0
2026-08-17;VPD;21000;8.39288283535562;1.4190147982971821;Tiện ích;Tiện ích;Tiện ích;0.0;2502.12;14799.0
2026-08-17;VPH;3030;;0.2809457579972184;Bất động sản;Bất động sản;Bất động sản;0.0;;10785.0
2026-08-17;TEG;6050;73.68164657167215;0.4770540924144457;Vật liệu xây dựng;Vật liệu xây dựng;Vật liệu xây dựng;0.0;82.11;12682.0
2026-08-17;ACG;32200;10.82709598455962;1.095163594313312;SX Phụ trợ;SX Phụ trợ;SX Phụ trợ;0.0;2974.02;29402.0
2026-08-17;ADP;23050;7.208215802410453;1.894001643385374;SX Nhựa - Hóa chất;SX Nhựa - Hóa chất;SX Nhựa - Hóa chất;0.0;3197.74;12170.0
2026-08-17;TDW;45100;7.177848300712055;1.6016762554158677;Tiện ích;Tiện ích;Tiện ích;0.0;6283.22;28158.0
2026-08-17;NBB;17150;;0.9444352662591552;Bất động sản;Bất động sản;Bất động sản;0.0;21.58;18159.0
2026-08-17;VTB;12650;11.680624936518342;0.7243472285845167;Thiết bị điện;Thiết bị điện;Thiết bị điện;0.0;1082.99;17464.0
2026-08-17;TNC;0;;;SX Nhựa - Hóa chất;SX Nhựa - Hóa chất;SX Nhựa - Hóa chất;0.0;2904.79;17839.0
2026-08-17;HTL;21400;12.706103085683072;1.3290274500062105;Bán buôn;Bán buôn;Bán buôn;0.0;1684.23;16102.0
2026-08-17;PGV;21850;34.996956786366404;1.5630588740253237;Tiện ích;Tiện ích;Tiện ích;0.0;624.34;13979.0
2026-08-17;TLD;8350;35.972772703773906;0.6525986713559985;SX Phụ trợ;SX Phụ trợ;SX Phụ trợ;0.0;232.12;12795.0
2026-08-17;ICT;17000;16.30820590548915;0.8552598480656035;Công nghệ và thông tin;Công nghệ và thông tin;Công nghệ và thông tin;0.0;1042.42;19877.0
2026-08-17;TV2;25800;32.90774352367954;1.3514221360850662;Dịch vụ tư vấn, hỗ trợ;Dịch vụ tư vấn, hỗ trợ;Dịch vụ tư vấn, hỗ trợ;0.0;784.01;19091.0
2026-08-17;PPC;9090;13.340769332374482;0.6468369743115349;Tiện ích;Tiện ích;Tiện ích;0.0;681.37;14053.0
2026-08-17;OGC;2180;3.7979755744873605;0.34952701619368287;Tài chính khác;Tài chính khác;Tài chính khác;0.0;573.99;6237.0
2026-08-17;SGR;10400;4.48049905866438;0.5011565150346955;Bất động sản;Bất động sản;Bất động sản;1646000000.0;2321.17;20752.0
2026-08-17;TRA;37700;6.050432036154942;0.9602893604014366;Chăm sóc sức khỏe;Chăm sóc sức khỏe;Chăm sóc sức khỏe;0.0;6230.96;39259.0
2026-08-17;TCH;12200;45.036730776329875;0.7747507461738744;Bất động sản;Bất động sản;Bất động sản;3650000000.0;270.89;15747.0
2026-08-17;VGC;40300;13.037176982103807;1.666735597005666;Vật liệu xây dựng;Vật liệu xây dựng;Vật liệu xây dựng;0.0;3091.16;24179.0
2026-08-17;HDB;26850;6.237687246775454;1.3718234113288599;Ngân hàng;Ngân hàng;Ngân hàng;2072000000.0;4304.48;19572.49
2026-08-17;BID;35900;9.229527288807077;1.5005168214623226;Ngân hàng;Ngân hàng;Ngân hàng;2317000000.0;3889.69;23925.09
2026-08-17;VFG;44500;5.411018536082374;1.1532082512698247;Bán buôn;Bán buôn;Bán buôn;0.0;8223.96;38588.0
2026-08-17;NT2;21300;9.55902812059634;1.3601532567049808;Tiện ích;Tiện ích;Tiện ích;0.0;2228.26;15660.0
2026-08-17;VJC;123500;41.1248563959974;2.9929961466689288;Vận tải - kho bãi;Vận tải - kho bãi;Vận tải - kho bãi;923000000.0;3003.05;41263.0
2026-08-17;VSH;41500;10.345592652884177;1.9728085187297966;Tiện ích;Tiện ích;Tiện ích;0.0;4011.37;21036.0
2026-08-17;DGW;41300;17.099608323741542;2.7503995737879596;Bán buôn;Bán buôn;Bán buôn;92000000.0;2415.26;15016.0
2026-08-17;PDR;12100;19.030543235506904;0.9928612455895627;Bất động sản;Bất động sản;Bất động sản;1222000000.0;635.82;12187.0
2026-08-17;CTF;20750;47.91041329946894;1.7649060134388024;Bán lẻ;Bán lẻ;Bán lẻ;700000000.0;433.1;11757.0
2026-08-17;NHH;9900;6.098838140532016;0.612737513152194;SX Thiết bị, máy móc;SX Thiết bị, máy móc;SX Thiết bị, máy móc;5500000000.0;1623.26;16157.0
2026-08-17;SAM;5850;34.19053185271771;0.47055984555984554;Thiết bị điện;Thiết bị điện;Thiết bị điện;0.0;171.1;12432.0
2026-08-17;DAH;2370;64.22764227642277;0.21801122251862753;Dịch vụ lưu trú, ăn uống, giải trí;Dịch vụ lưu trú, ăn uống, giải trí;Dịch vụ lưu trú, ăn uống, giải trí;0.0;36.9;10871.0
2026-08-17;NVL;13200;;0.5065817246805081;Bất động sản;Bất động sản;Bất động sản;0.0;;26057.0
2026-08-17;ASP;11400;14.922051913033235;1.3110983323749281;Tiện ích;Tiện ích;Tiện ích;0.0;763.97;8695.0
2026-08-17;SSC;0;;;Nông - Lâm - Ngư;Nông - Lâm - Ngư;Nông - Lâm - Ngư;0.0;2143.37;27966.0
2026-08-17;TTE;0;;;Tiện ích;Tiện ích;Tiện ích;0.0;97.32;10057.0
2026-08-17;UIC;58700;5.423053613398176;0.9127946756235616;Tiện ích;Tiện ích;Tiện ích;385000000.0;10824.16;64308.0
2026-08-17;SZC;19650;11.147228509675113;1.1256874427131072;Bất động sản;Bất động sản;Bất động sản;0.0;1762.77;17456.0
2026-08-17;DPM;21500;9.953335061664383;1.2888915532641927;SX Nhựa - Hóa chất;SX Nhựa - Hóa chất;SX Nhựa - Hóa chất;7373000000.0;2160.08;16681.0
2026-08-17;KDH;18000;19.24351600419081;0.9912440112340988;Bất động sản;Bất động sản;Bất động sản;2340000000.0;935.38;18159.0
2026-08-17;LGC;0;;;Xây dựng;Xây dựng;Xây dựng;0.0;2600.81;30686.0
2026-08-17;VHM;68200;10.896170044159845;1.1923702292078255;Bất động sản;Bất động sản;Vingroup Ecosystem;-567000000.0;6259.08;57197.0
2026-08-17;AAN;15350;26.08326253186066;1.0590589209327999;Nông - Lâm - Ngư;Nông - Lâm - Ngư;Nông - Lâm - Ngư;0.0;588.5;14494.0
2026-08-17;PTC;5580;3.7823328452903855;0.42514285714285716;Xây dựng;Xây dựng;Xây dựng;0.0;1475.28;13125.0
2026-08-17;BSR;26000;39.088927309629405;1.4031300593631948;SX Phụ trợ;SX Phụ trợ;SX Phụ trợ;0.0;665.15;18530.0
2026-08-17;GVR;31350;19.414770088248954;1.9635475385193537;SX Nhựa - Hóa chất;SX Nhựa - Hóa chất;SX Nhựa - Hóa chất;0.0;1614.75;15966.0
2026-08-17;DAT;8000;8.94124484481352;0.5904930617065249;Chế biến Thủy sản;Chế biến Thủy sản;Chế biến Thủy sản;0.0;894.73;13548.0
2026-08-17;SAB;45750;13.561944738410096;2.394786432160804;Thực phẩm - Đồ uống;Thực phẩm - Đồ uống;Thực phẩm - Đồ uống;0.0;3373.41;19104.0
2026-08-17;KDC;51400;130.15294236807455;2.046993229788929;Thực phẩm - Đồ uống;Thực phẩm - Đồ uống;Thực phẩm - Đồ uống;0.0;394.92;25110.0
2026-08-17;COM;0;;;Bán lẻ;Bán lẻ;Bán lẻ;0.0;1665.63;29192.0
2026-08-17;DBT;13100;14.74063238438168;0.9089016859779366;Chăm sóc sức khỏe;Chăm sóc sức khỏe;Chăm sóc sức khỏe;1804000000.0;888.7;14413.0
2026-08-17;MCP;27700;31.373881526786725;1.98851399856425;SX Phụ trợ;SX Phụ trợ;SX Phụ trợ;3195000000.0;882.9;13930.0
2026-08-17;DRL;41200;8.184704138838011;3.6248460320253386;Tiện ích;Tiện ích;Tiện ích;0.0;5033.78;11366.0
2026-08-17;SHP;30950;9.243966034771649;2.4476077500988533;Tiện ích;Tiện ích;Tiện ích;0.0;3348.13;12645.0
2026-08-17;SBV;0;;;SX Phụ trợ;SX Phụ trợ;SX Phụ trợ;0.0;;15830.0
2026-08-17;FMC;33700;6.944616170858165;0.8887130801687764;Chế biến Thủy sản;Chế biến Thủy sản;Chế biến Thủy sản;0.0;4852.68;37920.0
2026-08-17;DMX;88500;19.987668624780646;4.2979942693409745;Bán lẻ;Bán lẻ;Bán lẻ;0.0;4427.73;20591.0
2026-08-17;TSC;1980;61.50978564771669;0.15622534322234496;Bán buôn;Bán buôn;Bán buôn;0.0;32.19;12674.0
2026-08-17;CCI;0;;;Bán lẻ;Bán lẻ;Bán lẻ;0.0;2713.31;16315.0
2026-08-17;BMC;11200;8.239231985875604;0.6159938400615994;Khai khoáng;Khai khoáng;Khai khoáng;0.0;1359.35;18182.0
2026-08-17;SMB;39200;6.2460961898813245;1.7744782943280069;Thực phẩm - Đồ uống;Thực phẩm - Đồ uống;Thực phẩm - Đồ uống;0.0;6275.92;22091.0
2026-08-17;AGG;11150;7.309510230036515;0.5432664198012084;Bất động sản;Bất động sản;Bất động sản;392000000.0;1525.41;20524.0
2026-08-17;QNP;31000;9.79682646028019;1.4053220907566073;Vận tải - kho bãi;Vận tải - kho bãi;Vận tải - kho bãi;0.0;3164.29;22059.0
2026-08-17;SRC;0;;;Sản phẩm cao su;Sản phẩm cao su;Sản phẩm cao su;0.0;696.4;19959.0
2026-08-17;YBM;9700;6.56008223773197;0.6737982772992498;Vật liệu xây dựng;Vật liệu xây dựng;Vật liệu xây dựng;0.0;1478.64;14396.0
2026-08-17;SAV;13100;23.03539714079727;0.9665756659042278;SX Hàng gia dụng;SX Hàng gia dụng;SX Hàng gia dụng;492000000.0;568.69;13553.0
2026-08-17;CTS;22100;5.905964222149771;1.6735704603454675;Chứng khoán;Chứng khoán;Chứng khoán;4300000000.0;3741.98;13205.3
2026-08-17;ITD;11950;4.140937411203748;0.6815718930017681;Công nghệ và thông tin;Công nghệ và thông tin;Công nghệ và thông tin;698000000.0;2885.82;17533.0
2026-08-17;VNG;6900;67.67359748921146;0.6165117941386705;Dịch vụ lưu trú, ăn uống, giải trí;Dịch vụ lưu trú, ăn uống, giải trí;Dịch vụ lưu trú, ăn uống, giải trí;0.0;101.96;11192.0
2026-08-17;HAH;45800;5.041465503387029;1.5360880064394955;Vận tải - kho bãi;Vận tải - kho bãi;Vận tải - kho bãi;3915999999.9999995;9084.66;29816.0
2026-08-17;VCI;21500;13.488503403494462;1.2261989088540686;Chứng khoán;Chứng khoán;Chứng khoán;2579000000.0;1593.95;17533.86
2026-08-17;HVH;9990;12.475180759000487;0.7549879081015719;Xây dựng;Xây dựng;Xây dựng;700000000.0;800.79;13232.0
2026-08-17;SIP;49900;7.9986150694549085;2.120787113774491;Tiện ích;Tiện ích;Tiện ích;1500000000.0;6238.58;23529.0
2026-08-17;BMP;145600;9.946156862370055;3.7859483072442663;SX Nhựa - Hóa chất;SX Nhựa - Hóa chất;SX Nhựa - Hóa chất;0.0;14638.82;38458.0
2026-08-17;SHB;11650;3.8900111858690756;0.8138020833333333;Ngân hàng;Ngân hàng;Ngân hàng;2542000000.0;2994.85;14315.52
2026-08-17;RYG;9100;11.753461458979128;0.5339748855768103;SX Hàng gia dụng;SX Hàng gia dụng;SX Hàng gia dụng;0.0;774.24;17042.0
2026-08-17;NAF;48100;21.365053701351194;3.0232558139534884;Thực phẩm - Đồ uống;Thực phẩm - Đồ uống;Thực phẩm - Đồ uống;-398000000.0;2251.34;15910.0
2026-08-17;TMP;49700;9.948257053354283;2.063011082977045;Tiện ích;Tiện ích;Tiện ích;0.0;4995.85;24091.0
2026-08-17;VIC;198000;84.78023507246998;4.745583970471922;Bất động sản;Bất động sản;Vingroup Ecosystem;5000000.0;2335.45;41723.0
2026-08-17;TMT;11700;;2.5501307759372276;SX Phụ trợ;SX Phụ trợ;SX Phụ trợ;0.0;;4588.0
2026-08-17;KMR;2280;29.30591259640103;0.20042194092827004;SX Hàng gia dụng;SX Hàng gia dụng;SX Hàng gia dụng;0.0;77.8;11376.0
2026-08-17;HMC;0;;;Bán buôn;Bán buôn;Bán buôn;0.0;1250.14;14743.0
2026-08-17;KBC;27050;13.857368995353555;0.9774164408310749;Bất động sản;Bất động sản;Bất động sản;2269000000.0;1952.03;27675.0
2026-08-17;NHT;11600;15.15646436270987;0.7565381856127307;SX Phụ trợ;SX Phụ trợ;SX Phụ trợ;0.0;765.35;15333.0
2026-08-17;MCM;26200;12.946519017052838;1.2360822796754105;Thực phẩm - Đồ uống;Thực phẩm - Đồ uống;Thực phẩm - Đồ uống;0.0;2023.71;21196.0
2026-08-17;SGN;54700;7.563878126149447;1.3823953094594252;Vận tải - kho bãi;Vận tải - kho bãi;Vận tải - kho bãi;0.0;7231.74;39569.0
2026-08-17;HSL;8600;148.0716253443526;0.7510917030567685;Nông - Lâm - Ngư;Nông - Lâm - Ngư;Nông - Lâm - Ngư;0.0;58.08;11450.0
2026-08-17;STB;74200;11.382183661197491;2.230818120977688;Ngân hàng;Ngân hàng;Ngân hàng;0.0;6518.96;33261.34
2026-08-17;FDC;0;;;Bất động sản;Bất động sản;Bất động sản;0.0;918.53;12487.0
2026-08-17;PGC;12700;7.553229451647436;0.8951226388497322;Tiện ích;Tiện ích;Tiện ích;0.0;1681.4;14188.0
2026-08-17;NVT;7000;26.87036965951403;1.1443518064410658;Dịch vụ lưu trú, ăn uống, giải trí;Dịch vụ lưu trú, ăn uống, giải trí;Dịch vụ lưu trú, ăn uống, giải trí;0.0;260.51;6117.0
2026-08-17;ABR;12250;17.348080381799384;0.9232044615268671;Công nghệ và thông tin;Công nghệ và thông tin;Công nghệ và thông tin;0.0;706.13;13269.0
2026-08-17;NAV;16100;6.724472066292436;1.2661214218307644;SX Hàng gia dụng;SX Hàng gia dụng;SX Hàng gia dụng;0.0;2394.24;12716.0
2026-08-17;REE;45550;8.538228959498241;1.0210028467038756;Xây dựng;Xây dựng;Xây dựng;1500000000.0;5334.83;44613.0
2026-08-17;MZG;12000;11.230907457322552;0.9438414346389806;SX Phụ trợ;SX Phụ trợ;SX Phụ trợ;0.0;1068.48;12714.0
2026-08-17;CMG;24050;12.674037458236281;1.243086783480643;Công nghệ và thông tin;Công nghệ và thông tin;Công nghệ và thông tin;1023000000.0;1897.58;19347.0
2026-08-17;DCM;30550;8.856920864644215;1.5324036918138042;SX Nhựa - Hóa chất;SX Nhựa - Hóa chất;SX Nhựa - Hóa chất;0.0;3449.28;19936.0
2026-08-17;VSC;14500;10.206308202352378;0.9185936015204308;Vận tải - kho bãi;Vận tải - kho bãi;Vận tải - kho bãi;3054000000.0;1420.69;15785.0
2026-08-17;BIC;21200;4.382836646303015;0.7606652807249571;Bảo hiểm;Bảo hiểm;Bảo hiểm;7230000000.0;4837.05;27870.34
2026-08-17;PLP;4350;14.13484971567831;0.3724315068493151;SX Nhựa - Hóa chất;SX Nhựa - Hóa chất;SX Nhựa - Hóa chất;0.0;307.75;11680.0
2026-08-17;EIB;17100;10.460826955899355;1.2001077991566962;Ngân hàng;Ngân hàng;Ngân hàng;698000000.0;1634.67;14248.72
2026-08-17;DSC;10850;8.595965837968025;0.8447412327927768;Chứng khoán;Chứng khoán;Chứng khoán;0.0;1262.22;12844.17
2026-08-17;GEL;28900;50.91972654873494;1.2539048941339812;Bán buôn;Bán buôn;Bán buôn;0.0;567.56;23048.0
2026-08-17;TTF;1800;14.000155557283971;1.9672131147540983;SX Hàng gia dụng;SX Hàng gia dụng;SX Hàng gia dụng;0.0;128.57;915.0
2026-08-17;FIR;4250;26.886822293920417;0.35934725627800795;Bất động sản;Bất động sản;Bất động sản;0.0;158.07;11827.0
2026-08-17;SC5;17900;7.649180383911936;0.664513494450013;Xây dựng;Xây dựng;Xây dựng;0.0;2340.12;26937.0
2026-08-17;DSE;22100;24.710683736792085;1.7497535697743927;Chứng khoán;Chứng khoán;Chứng khoán;300000000.0;894.35;12630.35
2026-08-17;VRC;11800;54.70053773409976;0.4634357081140523;Bất động sản;Bất động sản;Bất động sản;0.0;215.72;25462.0
2026-08-17;BWE;44000;11.352055625072563;1.6129032258064515;Tiện ích;Tiện ích;Tiện ích;0.0;3875.95;27280.0
2026-08-17;BKG;2030;12.814847547503314;0.19140109372053554;SX Phụ trợ;SX Phụ trợ;SX Phụ trợ;0.0;158.41;10606.0
2026-08-17;BTP;7470;10.716898842230608;0.4210822998872604;Tiện ích;Tiện ích;Tiện ích;0.0;697.03;17740.0
2026-08-17;VIB;14300;5.7297635170330246;1.075509005319633;Ngân hàng;Ngân hàng;Ngân hàng;1426000000.0;2495.74;13296.03
2026-08-17;SBT;23350;25.168418216114254;1.645409062081601;Thực phẩm - Đồ uống;Thực phẩm - Đồ uống;Thực phẩm - Đồ uống;1099000000.0;927.75;14191.0
2026-08-17;QCG;10150;27.135409704584948;0.6056808688387636;Bất động sản;Bất động sản;Bất động sản;0.0;374.05;16758.0
2026-08-17;FPT;68800;11.488840128113926;2.7365657690624876;Công nghệ và thông tin;Công nghệ và thông tin;Công nghệ và thông tin;1664000000.0;5988.42;25141.0
2026-08-17;CCL;3590;5.882063801549981;0.295351707116413;Bất động sản;Bất động sản;Bất động sản;0.0;610.33;12155.0
2026-08-17;CTI;17300;6.372781958764786;0.5950128976784179;Xây dựng;Xây dựng;Xây dựng;0.0;2714.67;29075.0
2026-08-17;SCR;4560;58.312020460358056;0.35728277050850116;Bất động sản;Bất động sản;Bất động sản;883000000.0;78.2;12763.0
2026-08-17;MHC;7160;2.0603605055364995;0.45011630099955996;Vận tải - kho bãi;Vận tải - kho bãi;Vận tải - kho bãi;500000000.0;3475.12;15907.0
2026-08-17;TCT;17850;9.353090973874224;0.6346666666666667;Vận tải - kho bãi;Vận tải - kho bãi;Vận tải - kho bãi;0.0;1908.46;28125.0
2026-08-17;TCI;9800;9.830967547775492;0.8042107820047169;Chứng khoán;Chứng khoán;Chứng khoán;0.0;996.85;12185.86
2026-08-17;TPC;9000;12.406263784737538;0.6531204644412192;SX Nhựa - Hóa chất;SX Nhựa - Hóa chất;SX Nhựa - Hóa chất;-783000000.0;725.44;13780.0
2026-08-17;SVT;10550;8.32741337122109;0.819672131147541;SX Phụ trợ;SX Phụ trợ;SX Phụ trợ;0.0;1266.9;12871.0
2026-08-17;AAT;2310;10.75118681932421;0.21866717152593715;SX Hàng gia dụng;SX Hàng gia dụng;SX Hàng gia dụng;0.0;214.86;10564.0
2026-08-17;DRC;10550;9.190295744588179;0.8566092887301072;Sản phẩm cao su;Sản phẩm cao su;Sản phẩm cao su;3000000000.0;1147.95;12316.0
2026-08-17;VTP;54800;17.341442883995875;3.8177511495053644;Vận tải - kho bãi;Vận tải - kho bãi;Vận tải - kho bãi;0.0;3160.06;14354.0
2026-08-17;VMD;0;;;Bán buôn;Bán buôn;Bán buôn;0.0;1717.38;27111.0
2026-08-17;HDC;11950;3.4966569618586414;0.7397090683998762;Bất động sản;Bất động sản;Bất động sản;0.0;3417.55;16155.0
2026-08-17;CMX;4880;4.985085604543783;0.28616665689321524;Chế biến Thủy sản;Chế biến Thủy sản;Chế biến Thủy sản;0.0;978.92;17053.0
2026-08-17;HQC;2200;51.27010020974132;0.2343916471340294;Bất động sản;Bất động sản;Bất động sản;0.0;42.91;9386.0
2026-08-17;SZL;51000;12.020080605246413;2.1955314477592665;Bất động sản;Bất động sản;Bất động sản;0.0;4242.9;23229.0
2026-08-17;CDC;19800;17.355784823330385;1.1986197711725892;Bất động sản;Bất động sản;Bất động sản;10000000000.0;1140.83;16519.0
2026-08-17;HHS;9900;1.0441892450617232;0.2591148218912765;Bán buôn;Bán buôn;Bán buôn;1739000000.0;9481.04;38207.0
2026-08-17;FTS;21600;15.927559101567683;1.743829789295307;Chứng khoán;Chứng khoán;Chứng khoán;1326000000.0;1356.14;12386.53
2026-08-17;TYA;16750;3.4215165386917348;0.17048693103167495;Thiết bị điện;Thiết bị điện;Thiết bị điện;0.0;4895.49;98248.0
2026-08-17;GEE;67800;6.651486626882013;3.0872911069623425;Thiết bị điện;Thiết bị điện;Thiết bị điện;2200000000.0;10193.21;21961.0
2026-08-17;DPG;30150;7.201823028635309;1.0834800733100944;Xây dựng;Xây dựng;Xây dựng;6000000000.0;4186.44;27827.0
2026-08-17;VND;16150;12.729164367797972;1.1957223495685034;Chứng khoán;Chứng khoán;Chứng khoán;0.0;1268.74;13506.48
2026-08-17;TCM;16500;6.0538017875225645;0.7701283547257877;SX Hàng gia dụng;SX Hàng gia dụng;SX Hàng gia dụng;999000000.0;2725.56;21425.0
2026-08-17;TCO;10700;5.736650225176924;0.8926336864937016;Vận tải - kho bãi;Vận tải - kho bãi;Vận tải - kho bãi;6739000000.0;1865.2;11987.0
2026-08-17;PMG;5900;13.288288288288289;0.398891217632344;Bán buôn;Bán buôn;Bán buôn;0.0;444.0;14791.0
2026-08-17;AST;64000;12.607210536476206;3.767586978277506;Vận tải - kho bãi;Vận tải - kho bãi;Vận tải - kho bãi;0.0;5076.46;16987.0
2026-08-17;PC1;20400;12.909023027419018;0.8736990877553642;Xây dựng;Xây dựng;Xây dựng;1500000000.0;1580.29;23349.0
2026-08-17;TIX;0;;;Bất động sản;Bất động sản;Bất động sản;0.0;4023.9;27719.0
2026-08-17;BHN;29000;13.267999871895173;1.26191201427266;Thực phẩm - Đồ uống;Thực phẩm - Đồ uống;Thực phẩm - Đồ uống;0.0;2185.71;22981.0
2026-08-17;GTA;0;;;SX Phụ trợ;SX Phụ trợ;SX Phụ trợ;0.0;703.41;15961.0
2026-08-17;PTB;32500;4.640384480840924;0.673017187823566;SX Phụ trợ;SX Phụ trợ;SX Phụ trợ;0.0;7003.73;48290.0
2026-08-17;TLG;51700;10.577442427615104;1.7526017831112919;SX Phụ trợ;SX Phụ trợ;SX Phụ trợ;1165000000.0;4887.76;29499.0
2026-08-17;VCK;29550;4.952851535132562;1.2093972004194213;Chứng khoán;Chứng khoán;Chứng khoán;0.0;5966.26;24433.66
2026-08-17;SKG;7590;10.907366424280745;0.555881060495093;Vận tải - kho bãi;Vận tải - kho bãi;Vận tải - kho bãi;0.0;695.86;13654.0
2026-08-17;STG;0;;;Vận tải - kho bãi;Vận tải - kho bãi;Vận tải - kho bãi;0.0;2682.05;26534.0
2026-08-17;ANT;19700;3.43195410588885;1.0002030869212022;Thực phẩm - Đồ uống;Thực phẩm - Đồ uống;Thực phẩm - Đồ uống;1143000000.0;5740.17;19696.0
2026-08-17;LGL;5030;;0.38120500189465706;Bất động sản;Bất động sản;Bất động sản;0.0;;13195.0
2026-08-17;CTD;61500;8.45072744961168;0.7265553009002197;Xây dựng;Xây dựng;Xây dựng;1002999999.9999999;7277.48;84646.0
2026-08-17;SGT;8650;2.75191998116605;0.5229746070133011;Công nghệ và thông tin;Công nghệ và thông tin;Công nghệ và thông tin;0.0;3143.26;16540.0
2026-08-17;SBA;24800;10.211476381843337;1.523154403635917;Tiện ích;Tiện ích;Tiện ích;0.0;2428.64;16282.0
2026-08-17;TTA;11650;8.780259865545206;0.8502408407531747;Tiện ích;Tiện ích;Tiện ích;0.0;1326.84;13702.0
2026-08-17;TIP;16950;5.893971110848383;0.6040627227369921;Bất động sản;Bất động sản;Bất động sản;0.0;2875.82;28060.0
2026-08-17;AAM;7300;55.102657004830924;0.3832423351532969;Chế biến Thủy sản;Chế biến Thủy sản;Chế biến Thủy sản;0.0;132.48;19048.0
2026-08-17;TCL;29500;5.438429602754979;1.326140705776579;Vận tải - kho bãi;Vận tải - kho bãi;Vận tải - kho bãi;0.0;5424.36;22245.0
2026-08-17;CII;14750;98.86721630136068;0.7754587035381947;Xây dựng;Xây dựng;Xây dựng;9604000000.0;149.19;19021.0
2026-08-17;CRE;6800;40.921947403261726;0.5315406863128274;Bất động sản;Bất động sản;Bất động sản;0.0;166.17;12793.0
2026-08-17;DXV;0;;;Vật liệu xây dựng;Vật liệu xây dựng;Vật liệu xây dựng;0.0;;9843.0
2026-08-17;AAA;7060;7.639287144140147;0.46192096309866526;SX Nhựa - Hóa chất;SX Nhựa - Hóa chất;SX Nhựa - Hóa chất;300000000.0;924.17;15284.0
2026-08-17;VOS;11100;19.63871835247076;0.8182823442683377;Vận tải - kho bãi;Vận tải - kho bãi;Vận tải - kho bãi;0.0;565.21;13565.0
2026-08-17;MWG;73500;18.581486771751084;3.4174919793555585;Bán lẻ;Bán lẻ;Bán lẻ;119000000.0;3955.55;21507.0
2026-08-17;HCD;6220;10.185200347148307;0.4605019619456578;SX Nhựa - Hóa chất;SX Nhựa - Hóa chất;SX Nhựa - Hóa chất;0.0;610.69;13507.0
2026-08-17;S4A;33000;13.671955918299707;2.3557966876070817;Tiện ích;Tiện ích;Tiện ích;0.0;2413.7;14008.0
2026-08-17;EVF;12400;10.816752008513832;0.9717502789863705;Ngân hàng;Ngân hàng;Ngân hàng;800000000.0;1146.37;12760.48
2026-08-17;BAF;31750;18.931827532541874;2.243816254416961;Thực phẩm - Đồ uống;Thực phẩm - Đồ uống;Thực phẩm - Đồ uống;2719000000.0;1677.07;14150.0
2026-08-17;APG;4680;;0.43474020092800314;Chứng khoán;Chứng khoán;Chứng khoán;0.0;;10765.05
2026-08-17;VIP;9690;5.786767472275471;0.5213882163034705;Vận tải - kho bãi;Vận tải - kho bãi;Vận tải - kho bãi;0.0;1674.51;18585.0
2026-08-17;C47;8800;7.170386304562158;0.6604127579737336;Xây dựng;Xây dựng;Xây dựng;0.0;1227.27;13325.0
2026-08-17;HCM;25300;16.747425000661952;1.7144661640276537;Chứng khoán;Chứng khoán;Chứng khoán;227000000.0;1510.68;14756.78
2026-08-17;BFC;47700;7.95933895771038;1.676272139443351;SX Nhựa - Hóa chất;SX Nhựa - Hóa chất;SX Nhựa - Hóa chất;0.0;5992.96;28456.0
2026-08-17;TDC;7480;1.7252832416872714;0.5964436647795232;Bất động sản;Bất động sản;Bất động sản;2723000000.0;4335.52;12541.0
2026-08-17;LPB;50900;14.072785886295208;3.4985294491637555;Ngân hàng;Ngân hàng;Ngân hàng;1680000000.0;3616.91;14548.97
2026-08-17;SVD;4130;9.4527477054771;0.43611404435058077;SX Hàng gia dụng;SX Hàng gia dụng;SX Hàng gia dụng;0.0;436.91;9470.0
2026-08-17;HUB;12550;5.065999273402494;0.5755560651226783;Xây dựng;Xây dựng;Xây dựng;1500000000.0;2477.3;21805.0
2026-08-17;GAS;79100;15.32152936368197;2.875422588970882;Tiện ích;Tiện ích;Tiện ích;300000000.0;5162.67;27509.0
2026-08-17;ADS;8110;6.672151378033731;0.6280006194827319;SX Hàng gia dụng;SX Hàng gia dụng;SX Hàng gia dụng;0.0;1215.5;12914.0
2026-08-17;HPX;4240;22.247874908175042;0.34974841210921387;Bất động sản;Bất động sản;Bất động sản;0.0;190.58;12123.0
2026-08-17;DPR;36800;8.29133217825463;0.9584082089746595;SX Nhựa - Hóa chất;SX Nhựa - Hóa chất;SX Nhựa - Hóa chất;0.0;4438.37;38397.0
2026-08-17;HRC;32000;11.305463011704688;1.5590742996345919;SX Nhựa - Hóa chất;SX Nhựa - Hóa chất;SX Nhựa - Hóa chất;0.0;2830.49;20525.0
2026-08-17;ASG;17000;23.76824562384654;0.7294571980261746;Vận tải - kho bãi;Vận tải - kho bãi;Vận tải - kho bãi;0.0;715.24;23305.0
2026-08-17;PVP;18200;9.968123911448007;1.0;Vận tải - kho bãi;Vận tải - kho bãi;Vận tải - kho bãi;0.0;1825.82;18200.0
2026-08-17;IMP;36800;15.644994664546656;2.577211289305974;Chăm sóc sức khỏe;Chăm sóc sức khỏe;Chăm sóc sức khỏe;0.0;2352.19;14279.0
2026-08-17;STK;8490;13.953029730307163;0.4697095435684647;SX Hàng gia dụng;SX Hàng gia dụng;SX Hàng gia dụng;0.0;608.47;18075.0
2026-08-17;TVS;14500;6.348622567820803;0.9323859434781211;Chứng khoán;Chứng khoán;Chứng khoán;0.0;2283.96;15551.5
2026-08-17;FIT;3140;21.102150537634408;0.1771509167842031;Chăm sóc sức khỏe;Chăm sóc sức khỏe;Chăm sóc sức khỏe;0.0;148.8;17725.0
2026-08-17;LBM;27250;8.656234712613008;1.5385049683830172;Vật liệu xây dựng;Vật liệu xây dựng;Vật liệu xây dựng;0.0;3148.02;17712.0
2026-08-17;MSB;16100;7.760120691566532;1.032146557118093;Ngân hàng;Ngân hàng;Ngân hàng;3000000000.0;2074.71;15598.56
2026-08-17;KSB;13850;11.62605243055847;0.5775887234663664;Khai khoáng;Khai khoáng;Khai khoáng;0.0;1191.29;23979.0
2026-08-17;ACC;4600;8.62893695248457;0.3505028954587016;Vật liệu xây dựng;Vật liệu xây dựng;Vật liệu xây dựng;0.0;533.09;13124.0
2026-08-17;NNC;40750;7.750669981227212;1.8433909345878947;Khai khoáng;Khai khoáng;Khai khoáng;0.0;5257.61;22106.0
2026-08-17;SMA;0;;;Bán buôn;Bán buôn;Bán buôn;0.0;573.04;11928.0
2026-08-17;DBC;16100;3.4266765706842497;0.782312925170068;Thực phẩm - Đồ uống;Thực phẩm - Đồ uống;Thực phẩm - Đồ uống;1500000000.0;4698.43;20580.0
2026-08-17;PGD;0;;;Tiện ích;Tiện ích;Tiện ích;0.0;1377.16;16133.0
2026-08-17;HT1;12800;23.25032241658039;0.9761305574620606;Vật liệu xây dựng;Vật liệu xây dựng;Vật liệu xây dựng;0.0;550.53;13113.0
2026-08-17;SSI;19800;10.357815442561206;1.3150693665882054;Chứng khoán;Chứng khoán;Chứng khoán;1461000000.0;1911.6;15056.24
2026-08-17;SRF;7380;85.58506320306158;0.5461811722912966;Xây dựng;Xây dựng;Xây dựng;0.0;86.23;13512.0
2026-08-17;LSS;7940;6.263360916312347;0.3739638281838734;Thực phẩm - Đồ uống;Thực phẩm - Đồ uống;Thực phẩm - Đồ uống;500000000.0;1267.69;21232.0
2026-08-17;CHP;27700;8.30826357291326;2.0839602768582606;Tiện ích;Tiện ích;Tiện ích;0.0;3334.03;13292.0
2026-08-17;LCG;7120;10.685877232477864;0.5138568129330254;Xây dựng;Xây dựng;Xây dựng;0.0;666.3;13856.0
2026-08-17;VTO;10400;7.840003618463209;0.7278835386338186;Vận tải - kho bãi;Vận tải - kho bãi;Vận tải - kho bãi;0.0;1326.53;14288.0
2026-08-17;VHC;54000;7.819604617621334;1.1923161845882093;Chế biến Thủy sản;Chế biến Thủy sản;Chế biến Thủy sản;0.0;6905.72;45290.0
2026-08-17;CTR;76800;14.855966759774374;4.069520983467571;Công nghệ và thông tin;Công nghệ và thông tin;Công nghệ và thông tin;0.0;5169.64;18872.0
2026-08-17;BCM;42000;12.04152606273635;1.968042734642238;Bất động sản;Bất động sản;Bất động sản;0.0;3487.93;21341.0
2026-08-17;BTT;0;;;Bán lẻ;Bán lẻ;Bán lẻ;0.0;4014.46;29105.0
2026-08-17;D2D;27100;2.528237426683447;1.142206861670741;Bất động sản;Bất động sản;Bất động sản;0.0;10718.93;23726.0
2026-08-17;VRE;24400;11.379270141074969;1.212964804136011;Bất động sản;Bất động sản;Vingroup Ecosystem;0.0;2144.25;20116.0
2026-08-17;SPM;10550;6.455679161924343;0.17889846028623754;Chăm sóc sức khỏe;Chăm sóc sức khỏe;Chăm sóc sức khỏe;0.0;1634.22;58972.0
2026-08-17;IJC;7400;4.79554144255071;0.5208333333333334;Bất động sản;Bất động sản;Bất động sản;0.0;1543.1;14208.0
2026-08-17;DIG;10950;21.680163145702576;0.8603079824010057;Bất động sản;Bất động sản;Bất động sản;600000000.0;505.07;12728.0
2026-08-17;THG;28000;4.4222419819225065;1.1158935118762952;Vật liệu xây dựng;Vật liệu xây dựng;Vật liệu xây dựng;2000000000.0;6331.63;25092.0
2026-08-17;ABT;50400;3.669927853878619;0.9311606252078484;Chế biến Thủy sản;Chế biến Thủy sản;Chế biến Thủy sản;0.0;13733.24;54126.0
2026-08-17;APH;6000;9.505402236937993;0.25513458349279244;SX Nhựa - Hóa chất;SX Nhựa - Hóa chất;SX Nhựa - Hóa chất;0.0;631.22;23517.0
2026-08-17;TBC;0;;;Tiện ích;Tiện ích;Tiện ích;0.0;3062.36;23798.0
2026-08-17;ITC;10150;15.638963360142986;0.3541027072285794;Bất động sản;Bất động sản;Bất động sản;0.0;649.02;28664.0
2026-08-17;CVT;0;;;Vật liệu xây dựng;Vật liệu xây dựng;Vật liệu xây dựng;0.0;1605.32;27778.0
2026-08-17;KHP;9590;8.172343562255532;0.7541679773513683;Tiện ích;Tiện ích;Tiện ích;0.0;1173.47;12716.0
2026-08-17;GMH;0;;;Vật liệu xây dựng;Vật liệu xây dựng;Vật liệu xây dựng;0.0;931.79;11228.0
2026-08-17;BRC;12300;7.727732507366476;0.7357339394664434;Sản phẩm cao su;Sản phẩm cao su;Sản phẩm cao su;0.0;1591.67;16718.0
2026-08-17;HHV;10050;7.963802339218359;0.6245339299030574;Xây dựng;Xây dựng;Xây dựng;1508000000.0;1261.96;16092.0
2026-08-17;GDT;16000;5.411401823642415;1.1781164862675797;SX Hàng gia dụng;SX Hàng gia dụng;SX Hàng gia dụng;1468000000.0;2956.72;13581.0
2026-08-17;DTL;0;;;Vật liệu xây dựng;Vật liệu xây dựng;Vật liệu xây dựng;0.0;;10884.0
2026-08-17;VVS;97000;11.81624160681395;4.165056464425265;Bán buôn;Bán buôn;Bán buôn;0.0;8209.04;23289.0
2026-08-17;YEG;7610;9.45259418435664;0.6916295555757521;Unknown;Unknown;Unknown;4000000000.0;805.07;11003.0
2026-08-17;KOS;34950;;3.237909949972207;Bất động sản;Bất động sản;Bất động sản;0.0;88.99;10794.0
